occurrenceID,eventID,vernacularName,individualCount,occurrenceRemarks,basisOfRecord,sex
C2404-1_36.0_black sea bass_1,C2404-1,black sea bass,1.0,,HumanObservation,
C2404-1_36.0_rock crab_2,C2404-1,rock crab,1.0,,HumanObservation,
C2404-1_80.0_rock crab_3,C2404-1,rock crab,1.0,,HumanObservation,
C2404-1_30.0_sand dollar_4,C2404-1,sand dollar,1.0,,HumanObservation,
C2404-1_30.0_rock crab_5,C2404-1,rock crab,3.0,,HumanObservation,
C2404-1_30.0_black sea bass_6,C2404-1,black sea bass,1.0,,HumanObservation,
C2404-1_29.0_black sea bass_7,C2404-1,black sea bass,3.0,,HumanObservation,
C2404-1_29.0_rock crab_8,C2404-1,rock crab,1.0,,HumanObservation,
C2404-1_29.0_spider crab_9,C2404-1,spider crab,1.0,,HumanObservation,
C2404-1_22.0_black sea bass_10,C2404-1,black sea bass,3.0,,HumanObservation,
C2404-1_22.0_rock crab_11,C2404-1,rock crab,1.0,,HumanObservation,
C2404-1_37.0_nan_12,C2404-1,,,,HumanObservation,
C2404-1_74.0_rock crab_13,C2404-1,rock crab,2.0,,HumanObservation,
C2404-1_93.0_rock crab_14,C2404-1,rock crab,1.0,,HumanObservation,
C2404-1_93.0_black sea bass_15,C2404-1,black sea bass,1.0,,HumanObservation,
C2404-1_24.0_rock crab_16,C2404-1,rock crab,1.0,,HumanObservation,
C2404-1_42.0_rock crab_17,C2404-1,rock crab,2.0,open vent,HumanObservation,
C2404-1_18.0_black sea bass_18,C2404-1,black sea bass,1.0,,HumanObservation,
C2404-1_43.0_rock crab_19,C2404-1,rock crab,2.0,,HumanObservation,
C2404-1_89.0_rock crab_20,C2404-1,rock crab,4.0,,HumanObservation,
C2404-1_89.0_sand dollar_21,C2404-1,sand dollar,2.0,,HumanObservation,
C2404-1_89.0_black sea bass_22,C2404-1,black sea bass,1.0,,HumanObservation,
C2404-1_10.0_rock crab_23,C2404-1,rock crab,3.0,,HumanObservation,
C2404-1_21.0_black sea bass_24,C2404-1,black sea bass,1.0,,HumanObservation,
C2404-1_21.0_rock crab_25,C2404-1,rock crab,1.0,,HumanObservation,
C2404-2_41.0_black sea bass_26,C2404-2,black sea bass,5.0,,HumanObservation,
C2404-2_65.0_nan_27,C2404-2,,,open vent,HumanObservation,
C2404-2_99.0_nan_28,C2404-2,,,,HumanObservation,
C2404-2_45.0_black sea bass_29,C2404-2,black sea bass,2.0,,HumanObservation,
C2404-2_82.0_rock crab_30,C2404-2,rock crab,1.0,,HumanObservation,
C2404-2_nan_black sea bass_31,C2404-2,black sea bass,2.0,,HumanObservation,
C2404-2_86.0_rock crab_32,C2404-2,rock crab,1.0,,HumanObservation,
C2404-2_86.0_black sea bass_33,C2404-2,black sea bass,3.0,,HumanObservation,
C2404-2_98.0_sea star_34,C2404-2,sea star,1.0,,HumanObservation,
C2404-2_16.0_nan_35,C2404-2,,,,HumanObservation,
C2404-2_97.0_nan_36,C2404-2,,,,HumanObservation,
C2404-2_100.0_black sea bass_37,C2404-2,black sea bass,1.0,,HumanObservation,
C2404-2_100.0_rock crab_38,C2404-2,rock crab,1.0,,HumanObservation,
C2404-2_96.0_rock crab_39,C2404-2,rock crab,1.0,,HumanObservation,
C2404-2_96.0_black sea bass_40,C2404-2,black sea bass,5.0,,HumanObservation,
C2404-2_95.0_nan_41,C2404-2,,,,HumanObservation,
C2404-2_3.0_black sea bass_42,C2404-2,black sea bass,2.0,,HumanObservation,
C2404-2_3.0_black sea bass_43,C2404-2,black sea bass,1.0,,HumanObservation,
C2404-2_90.0_nan_44,C2404-2,,,,HumanObservation,
UM-15_50.0_black sea bass_45,UM-15,black sea bass,2.0,,HumanObservation,
UM-15_50.0_rock crab_46,UM-15,rock crab,1.0,,HumanObservation,
UM-15_35.0_rock crab_47,UM-15,rock crab,2.0,,HumanObservation,
UM-15_47.0_black sea bass_48,UM-15,black sea bass,2.0,,HumanObservation,
UM-15_8.0_black sea bass_49,UM-15,black sea bass,1.0,,HumanObservation,
UM-15_17.0_black sea bass_50,UM-15,black sea bass,2.0,,HumanObservation,
UM-15_17.0_rock crab_51,UM-15,rock crab,2.0,,HumanObservation,
UM-15_63.0_black sea bass_52,UM-15,black sea bass,4.0,,HumanObservation,
UM-15_14.0_black sea bass_53,UM-15,black sea bass,1.0,,HumanObservation,
UM-15_14.0_rock crab_54,UM-15,rock crab,1.0,,HumanObservation,
UM-15_71.0_rock crab_55,UM-15,rock crab,2.0,,HumanObservation,
UM-15_nan_black sea bass_56,UM-15,black sea bass,1.0,,HumanObservation,
UM-15_105.0_nan_57,UM-15,,,,HumanObservation,
UM-15_78.0_black sea bass_58,UM-15,black sea bass,1.0,,HumanObservation,
UM-15_44.0_rock crab_59,UM-15,rock crab,2.0,,HumanObservation,
UM-15_54.0_black sea bass_60,UM-15,black sea bass,1.0,,HumanObservation,
UM-15_40.0_black sea bass_61,UM-15,black sea bass,1.0,,HumanObservation,
UM-15_40.0_rock crab_62,UM-15,rock crab,3.0,,HumanObservation,
UM-15_20.0_black sea bass_63,UM-15,black sea bass,3.0,,HumanObservation,
UM-12_31.0_black sea bass_64,UM-12,black sea bass,1.0,,HumanObservation,
UM-12_85.0_nan_65,UM-12,,,,HumanObservation,
UM-12_101.0_nan_66,UM-12,,,,HumanObservation,
UM-12_92.0_black sea bass_67,UM-12,black sea bass,1.0,,HumanObservation,
UM-12_92.0_rock crab_68,UM-12,rock crab,1.0,,HumanObservation,
UM-12_62.0_spider crab_69,UM-12,spider crab,1.0,,HumanObservation,
UM-12_62.0_black sea bass_70,UM-12,black sea bass,2.0,,HumanObservation,
UM-12_2.0_nan_71,UM-12,,,,HumanObservation,
UM-12_64.0_black sea bass_72,UM-12,black sea bass,2.0,,HumanObservation,
UM-12_64.0_jonah crab_73,UM-12,jonah crab,1.0,,HumanObservation,
UM-12_94.0_black sea bass_74,UM-12,black sea bass,1.0,,HumanObservation,
UM-12_46.0_nan_75,UM-12,,,,HumanObservation,
UM-12_6.0_black sea bass_76,UM-12,black sea bass,1.0,,HumanObservation,
UM-12_25.0_black sea bass_77,UM-12,black sea bass,3.0,,HumanObservation,
UM-12_31.0_rock crab_78,UM-12,rock crab,3.0,,HumanObservation,
UM-12_57.0_black sea bass_79,UM-12,black sea bass,1.0,,HumanObservation,
UM-12_53.0_nan_80,UM-12,,,,HumanObservation,
UM-12_48.0_black sea bass_81,UM-12,black sea bass,2.0,,HumanObservation,
UM-12_48.0_rock crab_82,UM-12,rock crab,1.0,,HumanObservation,
UJ-11_59.0_nan_83,UJ-11,,,,HumanObservation,
UJ-11_7.0_black sea bass_84,UJ-11,black sea bass,1.0,,HumanObservation,
UJ-11_87.0_nan_85,UJ-11,,,,HumanObservation,
UJ-11_4.0_black sea bass_86,UJ-11,black sea bass,2.0,,HumanObservation,
UJ-11_4.0_scup_87,UJ-11,scup,1.0,,HumanObservation,
UJ-11_88.0_nan_88,UJ-11,,,,HumanObservation,
UJ-11_84.0_nan_89,UJ-11,,,,HumanObservation,
UJ-11_77.0_nan_90,UJ-11,,,,HumanObservation,
UJ-11_9.0_rock crab_91,UJ-11,rock crab,1.0,,HumanObservation,
UJ-11_49.0_nan_92,UJ-11,,,,HumanObservation,
UJ-11_26.0_nan_93,UJ-11,,,,HumanObservation,
UJ-11_75.0_black sea bass_94,UJ-11,black sea bass,2.0,,HumanObservation,
UJ-11_34.0_black sea bass_95,UJ-11,black sea bass,2.0,,HumanObservation,
UJ-11_68.0_black sea bass_96,UJ-11,black sea bass,2.0,,HumanObservation,
UJ-11_15.0_nan_97,UJ-11,,,,HumanObservation,
UJ-11_5.0_black sea bass_98,UJ-11,black sea bass,1.0,,HumanObservation,
UH-11_69.0_jonah crab_99,UH-11,jonah crab,2.0,,HumanObservation,
UH-11_56.0_black sea bass_100,UH-11,black sea bass,1.0,,HumanObservation,
UH-11_57.0_jonah crab_101,UH-11,jonah crab,2.0,,HumanObservation,
UH-11_52.0_jonah crab_102,UH-11,jonah crab,2.0,,HumanObservation,
UH-11_58.0_black sea bass_103,UH-11,black sea bass,2.0,,HumanObservation,
UH-11_12.0_jonah crab_104,UH-11,jonah crab,1.0,,HumanObservation,
UH-11_72.0_jonah crab_105,UH-11,jonah crab,1.0,,HumanObservation,
UH-11_38.0_black sea bass_106,UH-11,black sea bass,3.0,,HumanObservation,
UH-11_38.0_jonah crab_107,UH-11,jonah crab,1.0,,HumanObservation,
UH-11_79.0_black sea bass_108,UH-11,black sea bass,1.0,,HumanObservation,
UH-11_81.0_nan_109,UH-11,,,,HumanObservation,
UH-11_19.0_black sea bass_110,UH-11,black sea bass,2.0,,HumanObservation,
UH-11_76.0_black sea bass_111,UH-11,black sea bass,1.0,vent open,HumanObservation,
UH-11_76.0_jonah crab_112,UH-11,jonah crab,1.0,vent open,HumanObservation,
UH-11_91.0_black sea bass_113,UH-11,black sea bass,5.0,,HumanObservation,
UH-11_91.0_jonah crab_114,UH-11,jonah crab,1.0,,HumanObservation,
UH-11_1.0_nan_115,UH-11,,,,HumanObservation,
UH-11_27.0_black sea bass_116,UH-11,black sea bass,2.0,,HumanObservation,
UH-11_27.0_rock crab_117,UH-11,rock crab,1.0,,HumanObservation,
MEAS_C2404-1_black sea bass_1,C2404-1,black sea bass,,,HumanObservation,F
MEAS_C2404-1_black sea bass_2,C2404-1,black sea bass,,,HumanObservation,M
MEAS_C2404-1_black sea bass_3,C2404-1,black sea bass,,,HumanObservation,F
MEAS_C2404-1_black sea bass_4,C2404-1,black sea bass,,,HumanObservation,F
MEAS_C2404-1_black sea bass_5,C2404-1,black sea bass,,,HumanObservation,F
MEAS_C2404-1_black sea bass_6,C2404-1,black sea bass,,,HumanObservation,F
MEAS_C2404-1_black sea bass_7,C2404-1,black sea bass,,,HumanObservation,F
MEAS_C2404-1_black sea bass_8,C2404-1,black sea bass,,,HumanObservation,F
MEAS_C2404-1_black sea bass_9,C2404-1,black sea bass,,,HumanObservation,F
MEAS_C2404-1_black sea bass_10,C2404-1,black sea bass,,,HumanObservation,M
MEAS_C2404-1_black sea bass_11,C2404-1,black sea bass,,,HumanObservation,F
MEAS_C2404-1_black sea bass_12,C2404-1,black sea bass,,,HumanObservation,F
MEAS_C2404-2_black sea bass_13,C2404-2,black sea bass,,,HumanObservation,F
MEAS_C2404-2_black sea bass_14,C2404-2,black sea bass,,,HumanObservation,F
MEAS_C2404-2_black sea bass_15,C2404-2,black sea bass,,,HumanObservation,F
MEAS_C2404-2_black sea bass_16,C2404-2,black sea bass,,,HumanObservation,M
MEAS_C2404-2_black sea bass_17,C2404-2,black sea bass,,,HumanObservation,F
MEAS_C2404-2_black sea bass_18,C2404-2,black sea bass,,,HumanObservation,F
MEAS_C2404-2_black sea bass_19,C2404-2,black sea bass,,,HumanObservation,F
MEAS_C2404-2_black sea bass_20,C2404-2,black sea bass,,,HumanObservation,F
MEAS_C2404-2_black sea bass_21,C2404-2,black sea bass,,,HumanObservation,F
MEAS_C2404-2_black sea bass_22,C2404-2,black sea bass,,,HumanObservation,F
MEAS_C2404-2_black sea bass_23,C2404-2,black sea bass,,,HumanObservation,F
MEAS_C2404-2_black sea bass_24,C2404-2,black sea bass,,,HumanObservation,F
MEAS_C2404-2_black sea bass_25,C2404-2,black sea bass,,,HumanObservation,F
MEAS_C2404-2_black sea bass_26,C2404-2,black sea bass,,,HumanObservation,F
MEAS_C2404-2_black sea bass_27,C2404-2,black sea bass,,Barotrauma: stomach,HumanObservation,F
MEAS_C2404-2_black sea bass_28,C2404-2,black sea bass,,,HumanObservation,F
MEAS_C2404-2_black sea bass_29,C2404-2,black sea bass,,,HumanObservation,F
MEAS_C2404-2_black sea bass_30,C2404-2,black sea bass,,,HumanObservation,F
MEAS_C2404-2_black sea bass_31,C2404-2,black sea bass,,,HumanObservation,F
MEAS_C2404-2_black sea bass_32,C2404-2,black sea bass,,,HumanObservation,F
MEAS_UM-15_black sea bass_33,UM-15,black sea bass,,,HumanObservation,F
MEAS_UM-15_black sea bass_34,UM-15,black sea bass,,,HumanObservation,F
MEAS_UM-15_black sea bass_35,UM-15,black sea bass,,,HumanObservation,F
MEAS_UM-15_black sea bass_36,UM-15,black sea bass,,,HumanObservation,F
MEAS_UM-15_black sea bass_37,UM-15,black sea bass,,,HumanObservation,F
MEAS_UM-15_black sea bass_38,UM-15,black sea bass,,,HumanObservation,F
MEAS_UM-15_black sea bass_39,UM-15,black sea bass,,,HumanObservation,F
MEAS_UM-15_black sea bass_40,UM-15,black sea bass,,,HumanObservation,F
MEAS_UM-15_black sea bass_41,UM-15,black sea bass,,,HumanObservation,M
MEAS_UM-15_black sea bass_42,UM-15,black sea bass,,,HumanObservation,F
MEAS_UM-15_black sea bass_43,UM-15,black sea bass,,,HumanObservation,F
MEAS_UM-15_black sea bass_44,UM-15,black sea bass,,,HumanObservation,M
MEAS_UM-15_black sea bass_45,UM-15,black sea bass,,,HumanObservation,F
MEAS_UM-15_black sea bass_46,UM-15,black sea bass,,,HumanObservation,F
MEAS_UM-15_black sea bass_47,UM-15,black sea bass,,,HumanObservation,F
MEAS_UM-15_black sea bass_48,UM-15,black sea bass,,,HumanObservation,F
MEAS_UM-15_black sea bass_49,UM-15,black sea bass,,,HumanObservation,F
MEAS_UM-15_black sea bass_50,UM-15,black sea bass,,,HumanObservation,F
MEAS_UM-15_black sea bass_51,UM-15,black sea bass,,,HumanObservation,F
MEAS_UM-12_black sea bass_52,UM-12,black sea bass,,,HumanObservation,F
MEAS_UM-12_black sea bass_53,UM-12,black sea bass,,,HumanObservation,F
MEAS_UM-12_black sea bass_54,UM-12,black sea bass,,,HumanObservation,F
MEAS_UM-12_black sea bass_55,UM-12,black sea bass,,,HumanObservation,F
MEAS_UM-12_black sea bass_56,UM-12,black sea bass,,,HumanObservation,F
MEAS_UM-12_black sea bass_57,UM-12,black sea bass,,,HumanObservation,F
MEAS_UM-12_black sea bass_58,UM-12,black sea bass,,,HumanObservation,F
MEAS_UM-12_black sea bass_59,UM-12,black sea bass,,,HumanObservation,M
MEAS_UM-12_black sea bass_60,UM-12,black sea bass,,,HumanObservation,M
MEAS_UM-12_black sea bass_61,UM-12,black sea bass,,,HumanObservation,F
MEAS_UM-12_black sea bass_62,UM-12,black sea bass,,,HumanObservation,F
MEAS_UM-12_black sea bass_63,UM-12,black sea bass,,,HumanObservation,F
MEAS_UM-12_black sea bass_64,UM-12,black sea bass,,,HumanObservation,F
MEAS_UM-12_black sea bass_65,UM-12,black sea bass,,,HumanObservation,F
MEAS_UJ-11_black sea bass_66,UJ-11,black sea bass,,,HumanObservation,M
MEAS_UJ-11_black sea bass_67,UJ-11,black sea bass,,,HumanObservation,F
MEAS_UJ-11_black sea bass_68,UJ-11,black sea bass,,,HumanObservation,F
MEAS_UJ-11_scup_69,UJ-11,scup,,,HumanObservation,
MEAS_UJ-11_black sea bass_70,UJ-11,black sea bass,,,HumanObservation,F
MEAS_UJ-11_black sea bass_71,UJ-11,black sea bass,,,HumanObservation,F
MEAS_UJ-11_black sea bass_72,UJ-11,black sea bass,,,HumanObservation,F
MEAS_UJ-11_black sea bass_73,UJ-11,black sea bass,,,HumanObservation,M
MEAS_UJ-11_black sea bass_74,UJ-11,black sea bass,,,HumanObservation,F
MEAS_UJ-11_black sea bass_75,UJ-11,black sea bass,,,HumanObservation,F
MEAS_UJ-11_black sea bass_76,UJ-11,black sea bass,,,HumanObservation,F
MEAS_UH-11_black sea bass_77,UH-11,black sea bass,,,HumanObservation,F
MEAS_UH-11_black sea bass_78,UH-11,black sea bass,,,HumanObservation,F
MEAS_UH-11_black sea bass_79,UH-11,black sea bass,,,HumanObservation,M
MEAS_UH-11_black sea bass_80,UH-11,black sea bass,,,HumanObservation,F
MEAS_UH-11_black sea bass_81,UH-11,black sea bass,,,HumanObservation,F
MEAS_UH-11_black sea bass_82,UH-11,black sea bass,,,HumanObservation,F
MEAS_UH-11_black sea bass_83,UH-11,black sea bass,,,HumanObservation,F
MEAS_UH-11_black sea bass_84,UH-11,black sea bass,,,HumanObservation,M
MEAS_UH-11_black sea bass_85,UH-11,black sea bass,,,HumanObservation,F
MEAS_UH-11_black sea bass_86,UH-11,black sea bass,,,HumanObservation,F
MEAS_UH-11_black sea bass_87,UH-11,black sea bass,,,HumanObservation,F
MEAS_UH-11_black sea bass_88,UH-11,black sea bass,,,HumanObservation,F
MEAS_UH-11_black sea bass_89,UH-11,black sea bass,,,HumanObservation,F
MEAS_UH-11_black sea bass_90,UH-11,black sea bass,,,HumanObservation,F
MEAS_UH-11_black sea bass_91,UH-11,black sea bass,,,HumanObservation,M
MEAS_UH-11_black sea bass_92,UH-11,black sea bass,,,HumanObservation,F
MEAS_UH-11_black sea bass_93,UH-11,black sea bass,,,HumanObservation,F
